Designator,Mid X,Mid Y,Rotation,Layer
A1,118.398579,-125.395736,45.0,top
C1,123.1,-124.16,0.0,top
C2,123.369998,-123.319816,0.0,top
C3,124.97,-123.51,270.0,top
C4,118.076274,-124.193952,225.0,top
C5,121.74,-124.72,0.0,top
MOUSE-BITE-1MM-3MM_2,121.339998,-118.419816,0.0,top
MOUSE-BITE-1MM-3MM,121.349998,-127.419816,0.0,top
R1,119.313952,-124.336048,45.0,top
R2,119.92,-124.72,45.0,top
U1,119.92,-121.6,270.0,top
U2,123.5925,-121.16,0.0,top
